{
  "0": [
    {
      "id": 0,
      "type": 0.29073772799077036,
      "size": 978,
      "loadReceiveTime": 0
    }
  ],
  "1": [
    {
      "id": 1,
      "type": 0.4789711462823434,
      "size": 2,
      "loadReceiveTime": 1
    }
  ],
  "2": [
    {
      "id": 2,
      "type": 0.4784206028660898,
      "size": 2264,
      "loadReceiveTime": 2
    }
  ],
  "3": [
    {
      "id": 3,
      "type": 0.21311444103993238,
      "size": 1628,
      "loadReceiveTime": 3
    }
  ],
  "4": [
    {
      "id": 4,
      "type": 0.37990659131516735,
      "size": 204,
      "loadReceiveTime": 4
    }
  ],
  "5": [
    {
      "id": 5,
      "type": 0.9968765426965798,
      "size": 85,
      "loadReceiveTime": 5
    }
  ],
  "6": [
    {
      "id": 6,
      "type": 0.9494693338673499,
      "size": 3,
      "loadReceiveTime": 6
    }
  ],
  "7": [
    {
      "id": 7,
      "type": 0.5718820469832637,
      "size": 213,
      "loadReceiveTime": 7
    }
  ],
  "8": [
    {
      "id": 8,
      "type": 0.6189474332191851,
      "size": 574,
      "loadReceiveTime": 8
    }
  ],
  "9": [
    {
      "id": 9,
      "type": 0.1964912829705976,
      "size": 3156,
      "loadReceiveTime": 9
    }
  ],
  "10": [
    {
      "id": 10,
      "type": 0.36278840428890136,
      "size": 1947,
      "loadReceiveTime": 10
    }
  ],
  "11": [
    {
      "id": 11,
      "type": 0.5819609207604173,
      "size": 1406,
      "loadReceiveTime": 11
    }
  ],
  "12": [
    {
      "id": 12,
      "type": 0.8380882265357452,
      "size": 1159,
      "loadReceiveTime": 12
    }
  ],
  "13": [
    {
      "id": 13,
      "type": 0.042909109443758586,
      "size": 565,
      "loadReceiveTime": 13
    }
  ],
  "14": [
    {
      "id": 14,
      "type": 0.6892753921061543,
      "size": 1103,
      "loadReceiveTime": 14
    }
  ],
  "15": [
    {
      "id": 15,
      "type": 0.28296668167104966,
      "size": 533,
      "loadReceiveTime": 15
    }
  ],
  "16": [
    {
      "id": 16,
      "type": 0.5913814709299887,
      "size": 771,
      "loadReceiveTime": 16
    }
  ],
  "17": [
    {
      "id": 17,
      "type": 0.34608650591365664,
      "size": 1516,
      "loadReceiveTime": 17
    }
  ],
  "18": [
    {
      "id": 18,
      "type": 0.08282802175159643,
      "size": 724,
      "loadReceiveTime": 18
    }
  ],
  "19": [
    {
      "id": 19,
      "type": 0.8306057637556461,
      "size": 2289,
      "loadReceiveTime": 19
    }
  ],
  "20": [
    {
      "id": 20,
      "type": 0.5084715117328924,
      "size": 511,
      "loadReceiveTime": 20
    }
  ],
  "21": [
    {
      "id": 21,
      "type": 0.8782408391869829,
      "size": 308,
      "loadReceiveTime": 21
    }
  ],
  "22": [
    {
      "id": 22,
      "type": 0.07039402174954024,
      "size": 171,
      "loadReceiveTime": 22
    }
  ],
  "23": [
    {
      "id": 23,
      "type": 0.024000562284040017,
      "size": 440,
      "loadReceiveTime": 23
    }
  ],
  "24": [
    {
      "id": 24,
      "type": 0.09813063561258506,
      "size": 578,
      "loadReceiveTime": 24
    }
  ],
  "25": [
    {
      "id": 25,
      "type": 0.6017141084606852,
      "size": 350,
      "loadReceiveTime": 25
    }
  ],
  "26": [
    {
      "id": 26,
      "type": 0.600569138157306,
      "size": 65,
      "loadReceiveTime": 26
    }
  ],
  "27": [
    {
      "id": 27,
      "type": 0.5700130068776466,
      "size": 1015,
      "loadReceiveTime": 27
    }
  ],
  "28": [
    {
      "id": 28,
      "type": 0.7864532080817042,
      "size": 3146,
      "loadReceiveTime": 28
    }
  ],
  "29": [
    {
      "id": 29,
      "type": 0.47620324074707443,
      "size": 2083,
      "loadReceiveTime": 29
    }
  ],
  "30": [
    {
      "id": 30,
      "type": 0.5799203789692562,
      "size": 418,
      "loadReceiveTime": 30
    }
  ],
  "31": [
    {
      "id": 31,
      "type": 0.12963454486272208,
      "size": 1763,
      "loadReceiveTime": 31
    }
  ],
  "32": [
    {
      "id": 32,
      "type": 0.7881319234291841,
      "size": 184,
      "loadReceiveTime": 32
    }
  ],
  "33": [
    {
      "id": 33,
      "type": 0.2099280635551859,
      "size": 1516,
      "loadReceiveTime": 33
    }
  ],
  "34": [
    {
      "id": 34,
      "type": 0.10376988684813515,
      "size": 1520,
      "loadReceiveTime": 34
    }
  ],
  "35": [
    {
      "id": 35,
      "type": 0.7896804813889033,
      "size": 1681,
      "loadReceiveTime": 35
    }
  ],
  "36": [
    {
      "id": 36,
      "type": 0.6985685609628072,
      "size": 1083,
      "loadReceiveTime": 36
    }
  ],
  "37": [
    {
      "id": 37,
      "type": 0.22286174727909058,
      "size": 457,
      "loadReceiveTime": 37
    }
  ],
  "38": [
    {
      "id": 38,
      "type": 0.9808660852750879,
      "size": 1786,
      "loadReceiveTime": 38
    }
  ],
  "39": [
    {
      "id": 39,
      "type": 0.792369407258759,
      "size": 525,
      "loadReceiveTime": 39
    }
  ],
  "40": [
    {
      "id": 40,
      "type": 0.17285906693585518,
      "size": 87,
      "loadReceiveTime": 40
    }
  ],
  "41": [
    {
      "id": 41,
      "type": 0.6796548461112366,
      "size": 881,
      "loadReceiveTime": 41
    }
  ],
  "42": [
    {
      "id": 42,
      "type": 0.14864574781820883,
      "size": 490,
      "loadReceiveTime": 42
    }
  ],
  "43": [
    {
      "id": 43,
      "type": 0.10658105209665725,
      "size": 899,
      "loadReceiveTime": 43
    }
  ],
  "44": [
    {
      "id": 44,
      "type": 0.6078078454016758,
      "size": 300,
      "loadReceiveTime": 44
    }
  ],
  "45": [
    {
      "id": 45,
      "type": 0.6243826271194319,
      "size": 123,
      "loadReceiveTime": 45
    }
  ],
  "46": [
    {
      "id": 46,
      "type": 0.390193870746951,
      "size": 834,
      "loadReceiveTime": 46
    }
  ],
  "47": [
    {
      "id": 47,
      "type": 0.6501188577996371,
      "size": 741,
      "loadReceiveTime": 47
    }
  ],
  "48": [
    {
      "id": 48,
      "type": 0.9685797699897547,
      "size": 376,
      "loadReceiveTime": 48
    }
  ],
  "49": [
    {
      "id": 49,
      "type": 0.032705769696792064,
      "size": 126,
      "loadReceiveTime": 49
    }
  ],
  "50": [
    {
      "id": 50,
      "type": 0.591680383512051,
      "size": 394,
      "loadReceiveTime": 50
    }
  ],
  "51": [
    {
      "id": 51,
      "type": 0.8358595375703857,
      "size": 301,
      "loadReceiveTime": 51
    }
  ],
  "52": [
    {
      "id": 52,
      "type": 0.6092268387121984,
      "size": 548,
      "loadReceiveTime": 52
    }
  ],
  "53": [
    {
      "id": 53,
      "type": 0.737864921109775,
      "size": 1209,
      "loadReceiveTime": 53
    }
  ],
  "54": [
    {
      "id": 54,
      "type": 0.2741590632712805,
      "size": 80,
      "loadReceiveTime": 54
    }
  ],
  "56": [
    {
      "id": 55,
      "type": 0.3768343781890142,
      "size": 1511,
      "loadReceiveTime": 56
    }
  ],
  "57": [
    {
      "id": 56,
      "type": 0.8365314814603713,
      "size": 112,
      "loadReceiveTime": 57
    }
  ],
  "58": [
    {
      "id": 57,
      "type": 0.6708958127853071,
      "size": 749,
      "loadReceiveTime": 58
    }
  ],
  "59": [
    {
      "id": 58,
      "type": 0.7330865446365484,
      "size": 1258,
      "loadReceiveTime": 59
    }
  ],
  "60": [
    {
      "id": 59,
      "type": 0.8032645861970924,
      "size": 1631,
      "loadReceiveTime": 60
    }
  ],
  "61": [
    {
      "id": 60,
      "type": 0.4927023488574622,
      "size": 562,
      "loadReceiveTime": 61
    }
  ],
  "62": [
    {
      "id": 61,
      "type": 0.20261811050230905,
      "size": 1101,
      "loadReceiveTime": 62
    }
  ],
  "63": [
    {
      "id": 62,
      "type": 0.625746996777141,
      "size": 1689,
      "loadReceiveTime": 63
    }
  ],
  "64": [
    {
      "id": 63,
      "type": 0.2244724486474583,
      "size": 3694,
      "loadReceiveTime": 64
    }
  ],
  "65": [
    {
      "id": 64,