{
  "0": [
    {
      "id": 0,
      "type": 0.5146050822937838,
      "size": 1662,
      "loadReceiveTime": 0
    }
  ],
  "1": [
    {
      "id": 1,
      "type": 0.4263120237710081,
      "size": 954,
      "loadReceiveTime": 1
    }
  ],
  "2": [
    {
      "id": 2,
      "type": 0.921576187637551,
      "size": 2350,
      "loadReceiveTime": 2
    }
  ],
  "3": [
    {
      "id": 3,
      "type": 0.4323492046597366,
      "size": 651,
      "loadReceiveTime": 3
    }
  ],
  "4": [
    {
      "id": 4,
      "type": 0.5831113316491385,
      "size": 923,
      "loadReceiveTime": 4
    }
  ],
  "5": [
    {
      "id": 5,
      "type": 0.31356335847363814,
      "size": 2017,
      "loadReceiveTime": 5
    }
  ],
  "6": [
    {
      "id": 6,
      "type": 0.22054918270058188,
      "size": 1582,
      "loadReceiveTime": 6
    }
  ],
  "7": [
    {
      "id": 7,
      "type": 0.29067275700882833,
      "size": 1007,
      "loadReceiveTime": 7
    }
  ],
  "8": [
    {
      "id": 8,
      "type": 0.7844565604046003,
      "size": 93,
      "loadReceiveTime": 8
    }
  ],
  "9": [
    {
      "id": 9,
      "type": 0.5592134281737187,
      "size": 657,
      "loadReceiveTime": 9
    }
  ],
  "11": [
    {
      "id": 10,
      "type": 0.18171781130285702,
      "size": 2019,
      "loadReceiveTime": 11
    }
  ],
  "12": [
    {
      "id": 11,
      "type": 0.9934128057791975,
      "size": 357,
      "loadReceiveTime": 12
    }
  ],
  "13": [
    {
      "id": 12,
      "type": 0.9972546990665894,
      "size": 1359,
      "loadReceiveTime": 13
    }
  ],
  "14": [
    {
      "id": 13,
      "type": 0.3023268958675278,
      "size": 489,
      "loadReceiveTime": 14
    }
  ],
  "15": [
    {
      "id": 14,
      "type": 0.13523149422547243,
      "size": 840,
      "loadReceiveTime": 15
    }
  ],
  "16": [
    {
      "id": 15,
      "type": 0.8793010103320218,
      "size": 1369,
      "loadReceiveTime": 16
    }
  ],
  "17": [
    {
      "id": 16,
      "type": 0.4850069058975257,
      "size": 390,
      "loadReceiveTime": 17
    }
  ],
  "18": [
    {
      "id": 17,
      "type": 0.9684696284695657,
      "size": 915,
      "loadReceiveTime": 18
    }
  ],
  "19": [
    {
      "id": 18,
      "type": 0.3309463017932348,
      "size": 522,
      "loadReceiveTime": 19
    }
  ],
  "20": [
    {
      "id": 19,
      "type": 0.8240590432134491,
      "size": 1634,
      "loadReceiveTime": 20
    }
  ],
  "21": [
    {
      "id": 20,
      "type": 0.20762777885013994,
      "size": 2556,
      "loadReceiveTime": 21
    }
  ],
  "22": [
    {
      "id": 21,
      "type": 0.4569865261557975,
      "size": 878,
      "loadReceiveTime": 22
    }
  ],
  "23": [
    {
      "id": 22,
      "type": 0.25066755319244205,
      "size": 2187,
      "loadReceiveTime": 23
    }
  ],
  "24": [
    {
      "id": 23,
      "type": 0.8686970824210725,
      "size": 1804,
      "loadReceiveTime": 24
    }
  ],
  "25": [
    {
      "id": 24,
      "type": 0.08497286629726153,
      "size": 1942,
      "loadReceiveTime": 25
    }
  ],
  "26": [
    {
      "id": 25,
      "type": 0.3427596642938353,
      "size": 228,
      "loadReceiveTime": 26
    }
  ],
  "27": [
    {
      "id": 26,
      "type": 0.31314924378442344,
      "size": 330,
      "loadReceiveTime": 27
    }
  ],
  "28": [
    {
      "id": 27,
      "type": 0.5788299050538726,
      "size": 2371,
      "loadReceiveTime": 28
    }
  ],
  "29": [
    {
      "id": 28,
      "type": 0.006855623940462685,
      "size": 1184,
      "loadReceiveTime": 29
    }
  ],
  "30": [
    {
      "id": 29,
      "type": 0.6325746299886645,
      "size": 258,
      "loadReceiveTime": 30
    }
  ],
  "31": [
    {
      "id": 30,
      "type": 0.5591985927627194,
      "size": 2332,
      "loadReceiveTime": 31
    }
  ],
  "32": [
    {
      "id": 31,
      "type": 0.8467934627295703,
      "size": 1780,
      "loadReceiveTime": 32
    }
  ],
  "33": [
    {
      "id": 32,
      "type": 0.7765148276507661,
      "size": 475,
      "loadReceiveTime": 33
    }
  ],
  "34": [
    {
      "id": 33,
      "type": 0.23912046475163007,
      "size": 189,
      "loadReceiveTime": 34
    }
  ],
  "35": [
    {
      "id": 34,
      "type": 0.959592468176097,
      "size": 1497,
      "loadReceiveTime": 35
    }
  ],
  "36": [
    {
      "id": 35,
      "type": 0.3794711760765572,
      "size": 502,
      "loadReceiveTime": 36
    }
  ],
  "37": [
    {
      "id": 36,
      "type": 0.5690746852352111,
      "size": 737,
      "loadReceiveTime": 37
    }
  ],
  "38": [
    {
      "id": 37,
      "type": 0.49840694650426887,
      "size": 841,
      "loadReceiveTime": 38
    }
  ],
  "39": [
    {
      "id": 38,
      "type": 0.330501554065012,
      "size": 1715,
      "loadReceiveTime": 39
    }
  ],
  "40": [
    {
      "id": 39,
      "type": 0.2001056078585164,
      "size": 2331,
      "loadReceiveTime": 40
    }
  ],
  "41": [
    {
      "id": 40,
      "type": 0.8532184795564808,
      "size": 1219,
      "loadReceiveTime": 41
    }
  ],
  "42": [
    {
      "id": 41,
      "type": 0.6260968811857277,
      "size": 228,
      "loadReceiveTime": 42
    }
  ],
  "43": [
    {
      "id": 42,
      "type": 0.7834887060884856,
      "size": 1527,
      "loadReceiveTime": 43
    }
  ],
  "44": [
    {
      "id": 43,
      "type": 0.4723696209744346,
      "size": 154,
      "loadReceiveTime": 44
    }
  ],
  "45": [
    {
      "id": 44,
      "type": 0.331819555582878,
      "size": 7,
      "loadReceiveTime": 45
    }
  ],
  "46": [
    {
      "id": 45,
      "type": 0.29145997098836496,
      "size": 574,
      "loadReceiveTime": 46
    }
  ],
  "47": [
    {
      "id": 46,
      "type": 0.6175607326658898,
      "size": 225,
      "loadReceiveTime": 47
    }
  ],
  "48": [
    {
      "id": 47,
      "type": 0.8950514036251056,
      "size": 162,
      "loadReceiveTime": 48
    }
  ],
  "49": [
    {
      "id": 48,
      "type": 0.9255328040779343,
      "size": 2536,
      "loadReceiveTime": 49
    }
  ],
  "50": [
    {
      "id": 49,
      "type": 0.6638995230231992,
      "size": 945,
      "loadReceiveTime": 50
    }
  ],
  "51": [
    {
      "id": 50,
      "type": 0.6222227447230815,
      "size": 750,
      "loadReceiveTime": 51
    }
  ],
  "52": [
    {
      "id": 51,
      "type": 0.20292159843790203,
      "size": 76,
      "loadReceiveTime": 52
    }
  ],
  "53": [
    {
      "id": 52,
      "type": 0.5241397637251346,
      "size": 1241,
      "loadReceiveTime": 53
    }
  ],
  "54": [
    {
      "id": 53,
      "type": 0.6303100776432937,
      "size": 63,
      "loadReceiveTime": 54
    }
  ],
  "55": [
    {
      "id": 54,
      "type": 0.020057410058091918,
      "size": 498,
      "loadReceiveTime": 55
    }
  ],
  "56": [
    {
      "id": 55,
      "type": 0.8554546722315135,
      "size": 246,
      "loadReceiveTime": 56
    }
  ],
  "57": [
    {
      "id": 56,
      "type": 0.28533217058814064,
      "size": 176,
      "loadReceiveTime": 57
    }
  ],
  "58": [
    {
      "id": 57,
      "type": 0.39256827719334964,
      "size": 366,
      "loadReceiveTime": 58
    }
  ],
  "59": [
    {
      "id": 58,
      "type": 0.5703099964570009,
      "size": 41,
      "loadReceiveTime": 59
    }
  ],
  "60": [
    {
      "id": 59,
      "type": 0.21558009282436852,
      "size": 303,
      "loadReceiveTime": 60
    }
  ],
  "61": [
    {
      "id": 60,
      "type": 0.22127724120916503,
      "size": 27,
      "loadReceiveTime": 61
    }
  ],
  "62": [
    {
      "id": 61,
      "type": 0.12048409049032482,
      "size": 2381,
      "loadReceiveTime": 62
    }
  ],
  "63": [
    {
      "id": 62,
      "type": 0.6832578403243159,
      "size": 973,
      "loadReceiveTime": 63
    }
  ],
  "64": [
    {
      "id": 63,
      "type": 0.884355392193144,
      "size": 1712,
      "loadReceiveTime": 64
    }
  ],
  "65": [
    {
      "id": 64,