{
  "0": [
    {
      "id": 0,
      "type": 0.9128900950938743,
      "size": 1622,
      "loadReceiveTime": 0
    }
  ],
  "1": [
    {
      "id": 1,
      "type": 0.2505832534711834,
      "size": 27,
      "loadReceiveTime": 1
    }
  ],
  "2": [
    {
      "id": 2,
      "type": 0.9265387578352884,
      "size": 1429,
      "loadReceiveTime": 2
    }
  ],
  "3": [
    {
      "id": 3,
      "type": 0.9336758613078999,
      "size": 1644,
      "loadReceiveTime": 3
    }
  ],
  "4": [
    {
      "id": 4,
      "type": 0.08325872691976421,
      "size": 174,
      "loadReceiveTime": 4
    }
  ],
  "5": [
    {
      "id": 5,
      "type": 0.01917993273090879,
      "size": 5022,
      "loadReceiveTime": 5
    }
  ],
  "6": [
    {
      "id": 6,
      "type": 0.97896298820109,
      "size": 117,
      "loadReceiveTime": 6
    }
  ],
  "7": [
    {
      "id": 7,
      "type": 0.5249531895948181,
      "size": 3819,
      "loadReceiveTime": 7
    }
  ],
  "8": [
    {
      "id": 8,
      "type": 0.6928883912340791,
      "size": 194,
      "loadReceiveTime": 8
    }
  ],
  "9": [
    {
      "id": 9,
      "type": 0.22555997677878303,
      "size": 1177,
      "loadReceiveTime": 9
    }
  ],
  "10": [
    {
      "id": 10,
      "type": 0.6366202968045629,
      "size": 742,
      "loadReceiveTime": 10
    }
  ],
  "11": [
    {
      "id": 11,
      "type": 0.9475541813608048,
      "size": 1493,
      "loadReceiveTime": 11
    }
  ],
  "12": [
    {
      "id": 12,
      "type": 0.5635015047233494,
      "size": 432,
      "loadReceiveTime": 12
    }
  ],
  "13": [
    {
      "id": 13,
      "type": 0.5254464874168681,
      "size": 804,
      "loadReceiveTime": 13
    }
  ],
  "14": [
    {
      "id": 14,
      "type": 0.5842455143635423,
      "size": 788,
      "loadReceiveTime": 14
    }
  ],
  "15": [
    {
      "id": 15,
      "type": 0.5745914876299547,
      "size": 1289,
      "loadReceiveTime": 15
    }
  ],
  "16": [
    {
      "id": 16,
      "type": 0.13481503918563265,
      "size": 236,
      "loadReceiveTime": 16
    }
  ],
  "17": [
    {
      "id": 17,
      "type": 0.8032403488339901,
      "size": 738,
      "loadReceiveTime": 17
    }
  ],
  "18": [
    {
      "id": 18,
      "type": 0.5780013558377362,
      "size": 849,
      "loadReceiveTime": 18
    }
  ],
  "19": [
    {
      "id": 19,
      "type": 0.27790245293361004,
      "size": 533,
      "loadReceiveTime": 19
    }
  ],
  "20": [
    {
      "id": 20,
      "type": 0.4026963277234168,
      "size": 716,
      "loadReceiveTime": 20
    }
  ],
  "21": [
    {
      "id": 21,
      "type": 0.2550049438895161,
      "size": 1039,
      "loadReceiveTime": 21
    }
  ],
  "22": [
    {
      "id": 22,
      "type": 0.12083729851659375,
      "size": 2250,
      "loadReceiveTime": 22
    }
  ],
  "23": [
    {
      "id": 23,
      "type": 0.6501098085039374,
      "size": 2751,
      "loadReceiveTime": 23
    }
  ],
  "24": [
    {
      "id": 24,
      "type": 0.3878394916417922,
      "size": 1208,
      "loadReceiveTime": 24
    }
  ],
  "25": [
    {
      "id": 25,
      "type": 0.5688907796379612,
      "size": 353,
      "loadReceiveTime": 25
    }
  ],
  "26": [
    {
      "id": 26,
      "type": 0.232987582419538,
      "size": 1794,
      "loadReceiveTime": 26
    }
  ],
  "27": [
    {
      "id": 27,
      "type": 0.7240662276872356,
      "size": 303,
      "loadReceiveTime": 27
    }
  ],
  "28": [
    {
      "id": 28,
      "type": 0.013334800807526026,
      "size": 1687,
      "loadReceiveTime": 28
    }
  ],
  "29": [
    {
      "id": 29,
      "type": 0.8581880606959977,
      "size": 2199,
      "loadReceiveTime": 29
    }
  ],
  "30": [
    {
      "id": 30,
      "type": 0.25124675923129725,
      "size": 35,
      "loadReceiveTime": 30
    }
  ],
  "31": [
    {
      "id": 31,
      "type": 0.4281820050268834,
      "size": 1759,
      "loadReceiveTime": 31
    }
  ],
  "32": [
    {
      "id": 32,
      "type": 0.1943009956863,
      "size": 1373,
      "loadReceiveTime": 32
    }
  ],
  "33": [
    {
      "id": 33,
      "type": 0.2173219195514613,
      "size": 486,
      "loadReceiveTime": 33
    }
  ],
  "34": [
    {
      "id": 34,
      "type": 0.13561357578759559,
      "size": 234,
      "loadReceiveTime": 34
    }
  ],
  "35": [
    {
      "id": 35,
      "type": 0.9204043693870181,
      "size": 1354,
      "loadReceiveTime": 35
    }
  ],
  "36": [
    {
      "id": 36,
      "type": 0.48982312507723824,
      "size": 1289,
      "loadReceiveTime": 36
    }
  ],
  "37": [
    {
      "id": 37,
      "type": 0.8588763112063271,
      "size": 95,
      "loadReceiveTime": 37
    }
  ],
  "38": [
    {
      "id": 38,
      "type": 0.8552982407735177,
      "size": 5087,
      "loadReceiveTime": 38
    }
  ],
  "39": [
    {
      "id": 39,
      "type": 0.3481788429177022,
      "size": 377,
      "loadReceiveTime": 39
    }
  ],
  "40": [
    {
      "id": 40,
      "type": 0.2662045765941061,
      "size": 1561,
      "loadReceiveTime": 40
    }
  ],
  "41": [
    {
      "id": 41,
      "type": 0.2255525283646702,
      "size": 1450,
      "loadReceiveTime": 41
    }
  ],
  "42": [
    {
      "id": 42,
      "type": 0.28327842689568294,
      "size": 1981,
      "loadReceiveTime": 42
    }
  ],
  "43": [
    {
      "id": 43,
      "type": 0.12202283578070605,
      "size": 2512,
      "loadReceiveTime": 43
    }
  ],
  "44": [
    {
      "id": 44,
      "type": 0.10211269832729908,
      "size": 476,
      "loadReceiveTime": 44
    }
  ],
  "45": [
    {
      "id": 45,
      "type": 0.7021689808193694,
      "size": 4661,
      "loadReceiveTime": 45
    }
  ],
  "46": [
    {
      "id": 46,
      "type": 0.631428122537562,
      "size": 75,
      "loadReceiveTime": 46
    }
  ],
  "47": [
    {
      "id": 47,
      "type": 0.12473597764890965,
      "size": 742,
      "loadReceiveTime": 47
    }
  ],
  "48": [
    {
      "id": 48,
      "type": 0.808359827919443,
      "size": 529,
      "loadReceiveTime": 48
    }
  ],
  "49": [
    {
      "id": 49,
      "type": 0.5994461235063828,
      "size": 1950,
      "loadReceiveTime": 49
    }
  ],
  "50": [
    {
      "id": 50,
      "type": 0.962336394394691,
      "size": 1090,
      "loadReceiveTime": 50
    }
  ],
  "51": [
    {
      "id": 51,
      "type": 0.8852436089094278,
      "size": 778,
      "loadReceiveTime": 51
    }
  ],
  "52": [
    {
      "id": 52,
      "type": 0.981321910134666,
      "size": 1572,
      "loadReceiveTime": 52
    }
  ],
  "53": [
    {
      "id": 53,
      "type": 0.305736465559999,
      "size": 2412,
      "loadReceiveTime": 53
    }
  ],
  "54": [
    {
      "id": 54,
      "type": 0.520243144233379,
      "size": 25,
      "loadReceiveTime": 54
    }
  ],
  "55": [
    {
      "id": 55,
      "type": 0.9852239031118064,
      "size": 499,
      "loadReceiveTime": 55
    }
  ],
  "56": [
    {
      "id": 56,
      "type": 0.08701751307517291,
      "size": 152,
      "loadReceiveTime": 56
    }
  ],
  "57": [
    {
      "id": 57,
      "type": 0.6920311242846082,
      "size": 604,
      "loadReceiveTime": 57
    }
  ],
  "58": [
    {
      "id": 58,
      "type": 0.446405866252374,
      "size": 70,
      "loadReceiveTime": 58
    }
  ],
  "59": [
    {
      "id": 59,
      "type": 0.30139993618051975,
      "size": 1787,
      "loadReceiveTime": 59
    }
  ],
  "60": [
    {
      "id": 60,
      "type": 0.579736692180391,
      "size": 15,
      "loadReceiveTime": 60
    }
  ],
  "61": [
    {
      "id": 61,
      "type": 0.6381941910597511,
      "size": 1728,
      "loadReceiveTime": 61
    }
  ],
  "62": [
    {
      "id": 62,
      "type": 0.5173648303515674,
      "size": 2293,
      "loadReceiveTime": 62
    }
  ],
  "63": [
    {
      "id": 63,
      "type": 0.769160296163157,
      "size": 619,
      "loadReceiveTime": 63
    }
  ],
  "65": [
    {
      "id": 64,