{
  "0": [
    {
      "id": 0,
      "type": 0.44536900640206945,
      "size": 583,
      "loadReceiveTime": 0
    }
  ],
  "1": [
    {
      "id": 1,
      "type": 0.5372653433345862,
      "size": 991,
      "loadReceiveTime": 1
    }
  ],
  "2": [
    {
      "id": 2,
      "type": 0.10460679145277818,
      "size": 1620,
      "loadReceiveTime": 2
    }
  ],
  "3": [
    {
      "id": 3,
      "type": 0.7492559781174688,
      "size": 82,
      "loadReceiveTime": 3
    }
  ],
  "4": [
    {
      "id": 4,
      "type": 0.41765425936781253,
      "size": 38,
      "loadReceiveTime": 4
    }
  ],
  "5": [
    {
      "id": 5,
      "type": 0.7313464255473263,
      "size": 1070,
      "loadReceiveTime": 5
    }
  ],
  "6": [
    {
      "id": 6,
      "type": 0.08021388268896157,
      "size": 684,
      "loadReceiveTime": 6
    }
  ],
  "7": [
    {
      "id": 7,
      "type": 0.9827597094940925,
      "size": 103,
      "loadReceiveTime": 7
    }
  ],
  "8": [
    {
      "id": 8,
      "type": 0.9943225796465578,
      "size": 456,
      "loadReceiveTime": 8
    }
  ],
  "9": [
    {
      "id": 9,
      "type": 0.02350292234863871,
      "size": 236,
      "loadReceiveTime": 9
    }
  ],
  "10": [
    {
      "id": 10,
      "type": 0.3406760144440555,
      "size": 1947,
      "loadReceiveTime": 10
    }
  ],
  "11": [
    {
      "id": 11,
      "type": 0.1233301655936121,
      "size": 139,
      "loadReceiveTime": 11
    }
  ],
  "12": [
    {
      "id": 12,
      "type": 0.4479749415237668,
      "size": 291,
      "loadReceiveTime": 12
    }
  ],
  "13": [
    {
      "id": 13,
      "type": 0.25302344617350436,
      "size": 1206,
      "loadReceiveTime": 13
    }
  ],
  "14": [
    {
      "id": 14,
      "type": 0.8741562729849124,
      "size": 1696,
      "loadReceiveTime": 14
    }
  ],
  "15": [
    {
      "id": 15,
      "type": 0.9132299135156865,
      "size": 3072,
      "loadReceiveTime": 15
    }
  ],
  "16": [
    {
      "id": 16,
      "type": 0.7503583366150566,
      "size": 1958,
      "loadReceiveTime": 16
    }
  ],
  "17": [
    {
      "id": 17,
      "type": 0.930738021155564,
      "size": 327,
      "loadReceiveTime": 17
    }
  ],
  "18": [
    {
      "id": 18,
      "type": 0.44803126164472284,
      "size": 1288,
      "loadReceiveTime": 18
    }
  ],
  "19": [
    {
      "id": 19,
      "type": 0.6884397257097525,
      "size": 283,
      "loadReceiveTime": 19
    }
  ],
  "20": [
    {
      "id": 20,
      "type": 0.5073408984592898,
      "size": 1927,
      "loadReceiveTime": 20
    }
  ],
  "21": [
    {
      "id": 21,
      "type": 0.51114442752258,
      "size": 251,
      "loadReceiveTime": 21
    }
  ],
  "22": [
    {
      "id": 22,
      "type": 0.3378196287911368,
      "size": 1028,
      "loadReceiveTime": 22
    }
  ],
  "23": [
    {
      "id": 23,
      "type": 0.595063690063792,
      "size": 1552,
      "loadReceiveTime": 23
    }
  ],
  "24": [
    {
      "id": 24,
      "type": 0.16339729336959086,
      "size": 509,
      "loadReceiveTime": 24
    }
  ],
  "25": [
    {
      "id": 25,
      "type": 0.8439447651696337,
      "size": 282,
      "loadReceiveTime": 25
    }
  ],
  "26": [
    {
      "id": 26,
      "type": 0.37077781683684474,
      "size": 311,
      "loadReceiveTime": 26
    }
  ],
  "27": [
    {
      "id": 27,
      "type": 0.8540068855948204,
      "size": 650,
      "loadReceiveTime": 27
    }
  ],
  "28": [
    {
      "id": 28,
      "type": 0.3381916326661403,
      "size": 735,
      "loadReceiveTime": 28
    }
  ],
  "29": [
    {
      "id": 29,
      "type": 0.828074891056322,
      "size": 146,
      "loadReceiveTime": 29
    }
  ],
  "30": [
    {
      "id": 30,
      "type": 0.3890995511987103,
      "size": 187,
      "loadReceiveTime": 30
    }
  ],
  "31": [
    {
      "id": 31,
      "type": 0.24838659487908998,
      "size": 929,
      "loadReceiveTime": 31
    }
  ],
  "32": [
    {
      "id": 32,
      "type": 0.18278366878579022,
      "size": 926,
      "loadReceiveTime": 32
    }
  ],
  "33": [
    {
      "id": 33,
      "type": 0.5148457338642607,
      "size": 1064,
      "loadReceiveTime": 33
    }
  ],
  "34": [
    {
      "id": 34,
      "type": 0.5877706095006023,
      "size": 175,
      "loadReceiveTime": 34
    }
  ],
  "35": [
    {
      "id": 35,
      "type": 0.9315315873193513,
      "size": 186,
      "loadReceiveTime": 35
    }
  ],
  "36": [
    {
      "id": 36,
      "type": 0.8854419964000901,
      "size": 1970,
      "loadReceiveTime": 36
    }
  ],
  "37": [
    {
      "id": 37,
      "type": 0.7222982689741126,
      "size": 397,
      "loadReceiveTime": 37
    }
  ],
  "38": [
    {
      "id": 38,
      "type": 0.6335503724835425,
      "size": 1021,
      "loadReceiveTime": 38
    }
  ],
  "39": [
    {
      "id": 39,
      "type": 0.8844466387809005,
      "size": 509,
      "loadReceiveTime": 39
    }
  ],
  "40": [
    {
      "id": 40,
      "type": 0.43436602000847846,
      "size": 1528,
      "loadReceiveTime": 40
    }
  ],
  "41": [
    {
      "id": 41,
      "type": 0.36857137151785957,
      "size": 2780,
      "loadReceiveTime": 41
    }
  ],
  "42": [
    {
      "id": 42,
      "type": 0.6591790693701338,
      "size": 163,
      "loadReceiveTime": 42
    }
  ],
  "43": [
    {
      "id": 43,
      "type": 0.661793917934522,
      "size": 1399,
      "loadReceiveTime": 43
    }
  ],
  "44": [
    {
      "id": 44,
      "type": 0.7805122839051324,
      "size": 3479,
      "loadReceiveTime": 44
    }
  ],
  "45": [
    {
      "id": 45,
      "type": 0.323383257165327,
      "size": 3222,
      "loadReceiveTime": 45
    }
  ],
  "46": [
    {
      "id": 46,
      "type": 0.6088686547658579,
      "size": 1370,
      "loadReceiveTime": 46
    }
  ],
  "47": [
    {
      "id": 47,
      "type": 0.6759332047674487,
      "size": 747,
      "loadReceiveTime": 47
    }
  ],
  "48": [
    {
      "id": 48,
      "type": 0.841772214954212,
      "size": 424,
      "loadReceiveTime": 48
    }
  ],
  "49": [
    {
      "id": 49,
      "type": 0.7061614379375638,
      "size": 131,
      "loadReceiveTime": 49
    }
  ],
  "50": [
    {
      "id": 50,
      "type": 0.7791088146053686,
      "size": 2899,
      "loadReceiveTime": 50
    }
  ],
  "51": [
    {
      "id": 51,
      "type": 0.5851426795513175,
      "size": 1429,
      "loadReceiveTime": 51
    }
  ],
  "52": [
    {
      "id": 52,
      "type": 0.4878036193883306,
      "size": 1179,
      "loadReceiveTime": 52
    }
  ],
  "53": [
    {
      "id": 53,
      "type": 0.8824915887431708,
      "size": 954,
      "loadReceiveTime": 53
    }
  ],
  "54": [
    {
      "id": 54,
      "type": 0.007657591209622838,
      "size": 521,
      "loadReceiveTime": 54
    }
  ],
  "55": [
    {
      "id": 55,
      "type": 0.6468027622433106,
      "size": 625,
      "loadReceiveTime": 55
    }
  ],
  "56": [
    {
      "id": 56,
      "type": 0.8840251314584484,
      "size": 56,
      "loadReceiveTime": 56
    }
  ],
  "57": [
    {
      "id": 57,
      "type": 0.41556856889153204,
      "size": 436,
      "loadReceiveTime": 57
    }
  ],
  "58": [
    {
      "id": 58,
      "type": 0.9771267594300297,
      "size": 1549,
      "loadReceiveTime": 58
    }
  ],
  "59": [
    {
      "id": 59,
      "type": 0.2566541404559324,
      "size": 300,
      "loadReceiveTime": 59
    }
  ],
  "60": [
    {
      "id": 60,
      "type": 0.355454052876393,
      "size": 1131,
      "loadReceiveTime": 60
    }
  ],
  "61": [
    {
      "id": 61,
      "type": 0.8164575215409209,
      "size": 856,
      "loadReceiveTime": 61
    }
  ],
  "62": [
    {
      "id": 62,
      "type": 0.5548500793747977,
      "size": 822,
      "loadReceiveTime": 62
    }
  ],
  "63": [
    {
      "id": 63,
      "type": 0.5477481214257218,
      "size": 329,
      "loadReceiveTime": 63
    }
  ],
  "64": [
    {
      "id": 64,